,week,total_revenue,num_bookings,num_customers,promoCosts,actual_customers,new_customers,LTV,CAC,Average per customer,customer per booking
0,17,1091.34,18,17,60,14,4,100.225102,15,77.95285714,1.285714286
1,18,1896.14,27,26,75,24,7,88.8815625,10.71428571,79.00583333,1.125
2,19,1689.33,22,21,30,20,8,92.91315,3.75,84.4665,1.1
3,20,1757.2,12,12,30,12,6,146.4333333,5,146.4333333,1
4,21,1222.32,18,18,45,18,4,67.90666667,11.25,67.90666667,1
5,22,82.15,1,1,0,1,1,82.15,0,82.15,1
